<SalesReport>
  <Sales>
    <Date>2021-04-14T23:36:39.468+03:00</Date>
    <Name>Cola</Name>
    <Price>12.5</Price>
    <PaymentMethod>CASH</PaymentMethod>
  </Sales>
  <Sales>
    <Date>2021-04-14T23:38:45.06+03:00</Date>
    <Name>Snickers</Name>
    <Price>13</Price>
    <PaymentMethod>CASH</PaymentMethod>
  </Sales>
  <Sales>
    <Date>2021-04-14T23:38:56.053+03:00</Date>
    <Name>Redbull</Name>
    <Price>13.5</Price>
    <PaymentMethod>CREDIT CARD</PaymentMethod>
  </Sales>
  <Sales>
    <Date>2021-04-14T23:49:06.628+03:00</Date>
    <Name>Cola</Name>
    <Price>12.5</Price>
    <PaymentMethod>CASH</PaymentMethod>
  </Sales>
  <Sales>
    <Date>2021-04-15T00:44:17.035+03:00</Date>
    <Name>7days</Name>
    <Price>14</Price>
    <PaymentMethod>CASH</PaymentMethod>
  </Sales>
</SalesReport>