[
  {
    "DateOfTheTranzaction": "2021-04-14T23:36:39.468+03:00",
    "Name": "Cola",
    "Price": 12.5,
    "PaymentMethod": "CASH"
  },
  {
    "DateOfTheTranzaction": "2021-04-14T23:38:45.06+03:00",
    "Name": "Snickers",
    "Price": 13.0,
    "PaymentMethod": "CASH"
  },
  {
    "DateOfTheTranzaction": "2021-04-14T23:38:56.053+03:00",
    "Name": "Redbull",
    "Price": 13.5,
    "PaymentMethod": "CREDIT CARD"
  },
  {
    "DateOfTheTranzaction": "2021-04-14T23:49:06.628+03:00",
    "Name": "Cola",
    "Price": 12.5,
    "PaymentMethod": "CASH"
  },
  {
    "DateOfTheTranzaction": "2021-04-15T00:44:17.035+03:00",
    "Name": "7days",
    "Price": 14.0,
    "PaymentMethod": "CASH"
  }
]